<?xml version="1.0" encoding="UTF-8"?>
<!DOCTYPE mapper PUBLIC "-//mybatis.org//DTD Mapper 3.0//EN" "http://mybatis.org/dtd/mybatis-3-mapper.dtd" >



<mapper namespace="boardMapper">

<!-- 페이징처리1 :총게시물수 가져오기 -->
	<select id="getListCount" resultType="_int"> <!-- resultType,resultMap 무조건 있어야함. 리절셋하고 나서 뭘로 받을지 정해줘야하기에 -->
		select count(*)
		from board
		where board_status = 'Y'
	</select>
	
	
<!-- 페이징처리2 : 원하는 게시판 번호 조회 -->
	<select id="getBoardList" resultMap="boardResultSet">
		select *
		from board 
			join member on(board_writer = id)
		where board_status = 'Y'
		order by board_id desc
	</select>
	<resultMap type="Board" id="boardResultSet">	<!-- type="" 속성 별칭 설정하면 Board도 가능 -->
		
		
		<id column="BOARD_ID" property="boardId"/> 					<!-- PK(기본키) -->
		<result column="BOARD_TITLE" property="boardTitle"/>		<!-- 일반 컬럼 -->
		<result column="BOARD_WRITER" property="boardWriter"/>
		<result column="NICKNAME" property="nickName"/>
		<result column="BOARD_CONTENT" property="boardContent"/>  <!-- 위의 select태그에서 join해서 가져온 멤버테이블의 컬럼 nickname  -->
		<result column="ORIGINAL_FILENAME" property="originalFileName"/>
		<result column="RENAME_FILENAME" property="renameFileName"/>
		<result column="BOARD_COUNT" property="boardCount"/>
		<result column="BOARD_CREATE_DATE" property="boardCreateDate"/>
		<result column="BOARD_MODIFY_DATE" property="boardModifyDate"/>
		<result column="BOARD_STATUS" property="boardStatus"/>
	</resultMap>



<!-- 게시판 글쓰기 -->
	<insert id="insertBoard"> <!-- 파라미터타입 없음  -->
		insert into board
		values(seq_bid.nextval, #{boardTitle}, #{boardWriter}, #{boardContent}, #{originalFileName}, 
				#{renameFileName}, default, sysdate, sysdate, default)
	</insert>
	


<!-- 게시판 상세보기+ 파일업로드 -->	
	<update id="addReadCount">
		update board
		set board_count = board_count + 1
		where board_id = #{bId}
	</update>
	
	<select id="selectBoard" resultMap="boardResultSet">
		select *
		from board
			join member on (board_writer = id)
		where board_id = #{bId} and board_status = 'Y'
		<!-- 
		게시물 자체가 status가 Y인 것만 불러오는데 왜 and board_status = 'Y'를 또 할까? 
		... N인거를 같이 셀렉이 되기 떄문에 볼 수 있어서 같이 해주는게 맞음 강의 11:19
		
		주소창에서 숫자바꺼서 이동하는 불손한사람때문
		
		-->
	</select>
	
	
<!-- 
 게시판 수정 + 파일수정  
	<update id="updateBoard">
	update board
	set board_title = #{boardTitle}, board_content = #{boardContent}, original_filename = #{originalFileName},
		rename_filename = #{renameFileName}, board_modify_date = sysdate
	where board_id = #{boardId}
	</update>
 -->
<!-- 게시판 수정 + 파일수정  -->
	<update id="updateBoard">
		update board
		set board_title = #{boardTitle}, board_content = #{boardContent}, 
			<if test="originalFileName != null">
				original_filename = #{originalFileName},
			</if>
			rename_filename = #{renameFileName}, board_modify_date = sysdate
		where board_id = #{boardId}
	</update>


	<delete id="deleteBoard">
		delete from board
		where board_id = #{bId}
	</delete>


<!-- 댓글 쓰기 -->
	<insert id="insertReply">
		insert into reply
		values(seq_rid.nextval, #{replyContent}, #{refBoardId}, #{replyWriter}, sysdate, sysdate, default)
	</insert>

<!-- 댓글 가져오기  -->
	<select id="selectReplyList" resultMap="replyResultSet"> <!-- resultType,resultMap 무조건 있어야함. 리절셋하고 나서 뭘로 받을지 정해줘야하기에 -->
		select *
		from reply
			join member on(reply_writer = id)
		where ref_board_id = #{bId} and reply_status = 'Y'
		order by reply_id desc
	</select>
	<resultMap id="replyResultSet" type="Reply" >	<!-- type="" 속성 별칭 설정하면 Board도 가능 -->
		<id column="REPLY_ID" property="replyId"/> 					<!-- PK(기본키) -->
		<result column="REPLY_CONTENT" property="replyContent"/>  <!--property 속성은 vo클래스 필드명 가져오는 것  -->
		<result column="REF_BOARD_ID" property="refBoardId"/>
		<result column="NICKNAME" property="nickName"/>
		<result column="REPLY_WRITER" property="replyWriter"/>
		<result column="REPLY_CREATE_DATE" property="replyCreateDate"/>
		<result column="REPLY_MODIFY_DATE" property="replyModifyDate"/>
		<result column="REPLY_STATUS" property="replyStatus"/>
	</resultMap>


<!-- Top-N 분석 : select -->
	<select id="toplist"  resultMap="boardResultSet"> <!-- resultType,resultMap 무조건 있어야함. 리절셋하고 나서 뭘로 받을지 정해줘야하기에 -->
		<![CDATA[
		select * 
		from (  select *
				from board 
				    join member on(board_writer = id)
				order by board_count desc)
		where board_status = 'Y' and rownum <= 5
		]]>
		<!-- <=의 <이거가 태그로 인식해서 에러 밑줄이 뜨는 상태 
			 이 부등호를 부등호로 인식시킬려면 	 <![CDATA[]]> 사용하면 됨
		-->
	</select>




</mapper>
