<?xml version="1.0" encoding="UTF-8"?>
<!DOCTYPE mapper PUBLIC "-//mybatis.org//DTD Mapper 3.0//EN" "http://mybatis.org/dtd/mybatis-3-mapper.dtd" >

<mapper namespace="memberMapper">

<!-- 마바 컨피그 파일에 매퍼등록 필요 -->

	<!-- 로그인 -->
	<select id="login" resultMap="memberResultSet"> <!-- 받아오는 값이 있으니 parameterType을 넣어야하나 안넣을 것. 생략가능. 마바가 자동으로 타입인지함 -->
		select *
		from member
		<!-- where id=#{id} and pwd=#{pwd} and member_status='Y' -->
		where id=#{id} and member_status='Y'
	</select>
	
	<resultMap type="Member" id="memberResultSet">
	<!-- resultMap : vo클래스 필드명(담을 객체의 필드명)과 sql컬럼명 매핑시켜주는 태그
		
		리절트타입일까? 맵일까? 
		필드명이랑 컬럼명이 다른게 있어서 맵
		
													-->
		<id column="ID" property="id"/>
		<result column="ID" property="id"/>
		<result column="PWD" property="pwd"/>
		<result column="NAME" property="name"/>
		<result column="NICKNAME" property="nickName"/>
		<result column="EMAIL" property="email"/>
		<result column="GENDER" property="gender"/>
		<result column="AGE" property="age"/>
		<result column="PHONE" property="phone"/>
		<result column="ADDRESS" property="address"/>
		<result column="ENROLL_DATE" property="enrollDate"/>
		<result column="UPDATE_DATE" property="updateDate"/>
		<result column="MEMBER_STATUS" property="memberStatus"/>
	</resultMap>







	<!-- 회원가입 -->
	<insert id="insertMember">
		insert into member 
		values(#{id}, #{pwd}, #{name}, #{nickName}, #{email}, #{gender}, #{age}, #{phone}, #{address}, 
		sysdate, sysdate, default)
		
	</insert>




	<!-- 내정보보기 수정 -->
	<update id="updateMember">
			update member
			set name = #{name}, nickName = #{nickName}, email = #{email}, gender = #{gender} , 
			age = #{age}, phone= #{phone}, address = #{address}
			where id=#{id}
	</update>

<!-- 회원 비번변경 -->
	<update id="updatePwd">
		update member
		set pwd = #{newPwd}
		where id = #{id}
	</update>

<!-- 회원삭제 -->
	<update id="deleteMember">
		update member
		set member_status = 'N'
		where id = #{id}
	</update>


<!-- ajax 회원가입 id중복체크 -->
	<select id="checkIdDup" resultType="_int"> <!-- 받아오는 값이 있으니 parameterType을 넣어야하나 안넣을 것. 생략가능. 마바가 자동으로 타입인지함 -->
		select count(*)
		from member
		where id = #{id}
	</select>



</mapper>


